experiment,algorithm,approach,n,failure_rate_percent,average_loss_percent,num_instances,failures,status,notes
E6,Corte de Hastes,greedy,5,6.0,4.78,50,3,success,Guloso falhou em 3/50 instâncias (perda média: 4.8%)
E6,Corte de Hastes,greedy,8,10.0,6.04,50,5,success,Guloso falhou em 5/50 instâncias (perda média: 6.0%)
E6,Corte de Hastes,greedy,10,16.0,2.98,50,8,success,Guloso falhou em 8/50 instâncias (perda média: 3.0%)
E6,Corte de Hastes,greedy,12,20.0,4.6,50,10,success,Guloso falhou em 10/50 instâncias (perda média: 4.6%)
E6,Corte de Hastes,greedy,15,20.0,4.43,50,10,success,Guloso falhou em 10/50 instâncias (perda média: 4.4%)
E6,Corte de Hastes,greedy,18,14.0,3.01,50,7,success,Guloso falhou em 7/50 instâncias (perda média: 3.0%)
E6,Corte de Hastes,greedy,20,14.0,2.47,50,7,success,Guloso falhou em 7/50 instâncias (perda média: 2.5%)
E6,Corte de Hastes,greedy,25,34.0,1.93,50,17,success,Guloso falhou em 17/50 instâncias (perda média: 1.9%)
E6,Corte de Hastes,greedy,30,10.0,1.18,50,5,success,Guloso falhou em 5/50 instâncias (perda média: 1.2%)
E6,Corte de Hastes,greedy,35,22.0,1.49,50,11,success,Guloso falhou em 11/50 instâncias (perda média: 1.5%)
